{
  "version": 1,
  "author": "Arvind Patil",
  "editor": "wokwi",
  "parts": [
    { "type": "wokwi-arduino-uno", "id": "uno", "top": 0, "left": 0, "attrs": {} },
    {
      "type": "wokwi-buzzer",
      "id": "bz1",
      "top": -120.64,
      "left": 199.75,
      "attrs": { "volume": "0.1" }
    },
    {
      "type": "wokwi-buzzer",
      "id": "bz3",
      "top": -124.13,
      "left": 379.45,
      "attrs": { "volume": "0.1" }
    }
  ],
  "connections": [
    [ "bz1:2", "uno:9", "green", [ "v28.87", "h-74.32" ] ],
    [ "bz1:1", "uno:GND.1", "green", [ "v14.92", "h-107.93" ] ],
    [ "bz3:2", "uno:5", "green", [ "v149.25", "h-214.76" ] ],
    [ "bz3:1", "uno:GND.3", "green", [ "v266.14", "h-204.76" ] ]
  ],
  "dependencies": {}
}