{
  "version": 1,
  "author": "Arvind Patil",
  "editor": "wokwi",
  "parts": [
    { "type": "wokwi-attiny85", "id": "tiny", "top": 212.72, "left": 63.56, "attrs": {} },
    {
      "type": "wokwi-buzzer",
      "id": "bz1",
      "top": 49.31,
      "left": 59.81,
      "attrs": { "volume": "0.1" }
    }
  ],
  "connections": [
    [ "bz1:1", "tiny:GND", "green", [ "v16.73", "h-55.48", "v107.35", "h65.95" ] ],
    [ "bz1:2", "tiny:PB1", "green", [ "v59.53", "h-17.06", "v3.51" ] ]
  ],
  "dependencies": {}
}