{
  "version": 1,
  "author": "Arvind Patil (ATP)",
  "editor": "wokwi",
  "parts": [
    { "type": "wokwi-arduino-uno", "id": "uno", "top": 51.33, "left": 6, "attrs": {} },
    {
      "type": "wokwi-buzzer",
      "id": "bz1",
      "top": -72.57,
      "left": 121,
      "attrs": { "volume": "0.7" }
    },
    {
      "type": "wokwi-led",
      "id": "led1",
      "top": -41.9,
      "left": 29.67,
      "attrs": { "color": "red" }
    }
  ],
  "connections": [
    [ "bz1:2", "uno:8", "white", [ "v19.07", "h16" ] ],
    [ "bz1:1", "uno:GND.1", "black", [ "v26.4", "h-30" ] ],
    [ "led1:C", "uno:GND.2", "black", [ "v269.07", "h137.66", "v-7.33" ] ],
    [ "led1:A", "uno:8", "red", [ "v18.4", "h133", "v23.33" ] ]
  ]
}