{
  "version": 1,
  "author": "Arvind Patil",
  "editor": "wokwi",
  "parts": [
    {
      "type": "wokwi-pi-pico",
      "id": "pico",
      "top": 88.1,
      "left": -1.55,
      "rotate": 90,
      "attrs": {}
    },
    {
      "type": "wokwi-buzzer",
      "id": "bz1",
      "top": 24.79,
      "left": 32.78,
      "attrs": { "volume": "0.1" }
    }
  ],
  "connections": [
    [ "pico:GP0", "$serialMonitor:RX", "", [] ],
    [ "pico:GP1", "$serialMonitor:TX", "", [] ],
    [ "bz1:1", "pico:GND.2", "green", [ "v0" ] ],
    [ "bz1:2", "pico:GP4", "green", [ "v27.95", "h5.54" ] ]
  ]
}