{
  "version": 1,
  "author": "Arvind Patil",
  "editor": "wokwi",
  "parts": [
    { "type": "wokwi-pi-pico", "id": "pico", "top": 50.12, "left": 77.21, "attrs": {} },
    {
      "type": "wokwi-buzzer",
      "id": "bz1",
      "top": 0.78,
      "left": 220.86,
      "attrs": { "volume": "0.1" }
    }
  ],
  "connections": [
    [ "pico:GP0", "$serialMonitor:RX", "", [] ],
    [ "pico:GP1", "$serialMonitor:TX", "", [] ],
    [ "bz1:1", "pico:GND.5", "green", [ "v0" ] ],
    [ "bz1:2", "pico:GP8", "magenta", [ "v0" ] ]
  ],
  "dependencies": {}
}