{
  "version": 1,
  "author": "Arvind Patil",
  "editor": "wokwi",
  "parts": [
    { "type": "wokwi-esp32-devkit-v1", "id": "esp", "top": 0, "left": 0, "attrs": {} },
    {
      "type": "wokwi-buzzer",
      "id": "bz1",
      "top": -16.13,
      "left": 176.2,
      "attrs": { "volume": "0.1" }
    }
  ],
  "connections": [
    [ "esp:TX0", "$serialMonitor:RX", "", [] ],
    [ "esp:RX0", "$serialMonitor:TX", "", [] ],
    [ "bz1:1", "esp:GND.2", "green", [ "v179.4", "h-247.97", "v-36.67" ] ],
    [ "esp:D18", "bz1:2", "green", [ "h49.27", "v-108.43", "h94.67", "v86" ] ]
  ],
  "dependencies": {}
}