{
  "version": 1,
  "author": "Arvind Patil",
  "editor": "wokwi",
  "parts": [
    { "type": "wokwi-arduino-uno", "id": "uno", "top": 111.37, "left": -72.39, "attrs": {} },
    {
      "type": "wokwi-buzzer",
      "id": "bz1",
      "top": -15.13,
      "left": -52.15,
      "attrs": { "volume": "0.1" }
    },
    {
      "type": "wokwi-buzzer",
      "id": "bz2",
      "top": -11.79,
      "left": 98.76,
      "attrs": { "volume": "0.1" }
    }
  ],
  "connections": [
    [ "bz1:1", "uno:GND.1", "green", [ "v28.83", "h67.75" ] ],
    [ "bz2:1", "uno:GND.2", "green", [ "v139.09", "h-24.69" ] ],
    [ "bz1:2", "uno:3", "green", [ "v97.88", "h155.75" ] ],
    [ "bz2:2", "uno:2", "green", [ "v6", "h24.33" ] ]
  ],
  "dependencies": {}
}