{
  "version": 1,
  "author": "Arvind Patil",
  "editor": "wokwi",
  "parts": [
    { "type": "wokwi-arduino-uno", "id": "uno", "top": 136.51, "left": 35.75, "attrs": {} },
    {
      "type": "wokwi-buzzer",
      "id": "bz1",
      "top": 4.57,
      "left": 224.7,
      "attrs": { "volume": "0.1" }
    },
    {
      "type": "wokwi-buzzer",
      "id": "bz2",
      "top": -45.81,
      "left": 318.15,
      "attrs": { "volume": "0.1" }
    },
    {
      "type": "wokwi-buzzer",
      "id": "bz3",
      "top": -57.19,
      "left": -177.5,
      "attrs": { "volume": "0.1" }
    },
    {
      "type": "wokwi-buzzer",
      "id": "bz4",
      "top": 41.13,
      "left": -83.25,
      "attrs": { "volume": "0.1" }
    },
    {
      "type": "wokwi-buzzer",
      "id": "bz5",
      "top": -56.37,
      "left": -19.87,
      "attrs": { "volume": "0.1" }
    },
    {
      "type": "wokwi-buzzer",
      "id": "bz6",
      "top": 24.88,
      "left": 74.38,
      "attrs": { "volume": "0.1" }
    },
    {
      "type": "wokwi-buzzer",
      "id": "bz7",
      "top": -45,
      "left": 147.51,
      "attrs": { "volume": "0.1" }
    },
    {
      "type": "wokwi-buzzer",
      "id": "bz8",
      "top": -144.94,
      "left": 77.64,
      "attrs": { "volume": "0.1" }
    }
  ],
  "connections": [
    [ "bz3:1", "bz4:1", "green", [ "v109.23", "h78.59" ] ],
    [ "bz4:1", "bz5:1", "green", [ "v28.79", "h71.28" ] ],
    [ "bz6:1", "bz5:1", "green", [ "v-1.28", "h-94.48" ] ],
    [ "bz6:1", "bz7:1", "green", [ "v15.79", "h81.03" ] ],
    [ "bz7:1", "bz1:1", "green", [ "v83.23", "h60.72" ] ],
    [ "bz1:1", "bz2:1", "green", [ "v40.16", "h59.91" ] ],
    [ "bz3:1", "uno:GND.2", "green", [ "v336.74", "h354.85" ] ],
    [ "bz2:2", "uno:2", "cyan", [ "v144.98", "h-76.05", "v14.63" ] ],
    [ "bz1:2", "uno:3", "blue", [ "v0" ] ],
    [ "bz7:2", "uno:4", "cyan", [ "v58.04", "h48.28" ] ],
    [ "bz6:2", "uno:5", "yellow", [ "v118.17", "h141.72" ] ],
    [ "bz5:2", "uno:6", "violet", [ "v213.23", "h214.03" ] ],
    [ "bz4:2", "uno:7", "green", [ "v129.54", "h271.73" ] ],
    [ "bz3:2", "uno:8", "#8f4814", [ "v181.55", "h339.98" ] ],
    [ "bz8:1", "bz5:1", "green", [ "v-6.96", "h-135.92", "v91", "h32.5" ] ],
    [ "bz8:2", "uno:9", "green", [ "v104.35", "h36.08", "v65", "h45.5" ] ]
  ],
  "dependencies": {}
}